difficulty_scenario,examiner_scenario,metric,scenario,mean_rate,sd_rate,q025,q975,true_rate,ratio_to_truth,n_studies
High,High,FNR,"Convenience sample (""reweighted"")",0.004104927775465625,0.00272557133447712,0,0.009707649538158017,0.03925925925925926,0.10455948107318103,200
High,High,FNR,Convenience sample (naive),0.003646879907533572,0.002401085040945469,0,0.00939884556463379,0.03925925925925926,0.09289222405981741,200
High,High,FNR,Full-coverage study (reweighted),0.04482409329255068,0.013960149752457383,0.018433405923621308,0.07494989738217901,0.03925925925925926,1.1417457725461022,200
High,High,FNR,"Random pair (""reweighted"")",0.043725849159899355,0.027685087764213266,0.00273330899569556,0.10128589297203504,0.03925925925925926,1.1137716295446063,200
High,High,FNR,Random pair (naive),0.04722566065047417,0.02854649527595551,0.002602021357742182,0.10469624137743742,0.03925925925925926,1.202917771285663,200
High,High,FPR,"Convenience sample (""reweighted"")",0.00241020884443769,0.0019222699394786944,0,0.00644318228587892,0.024640657084188913,0.09781430893676292,200
High,High,FPR,Convenience sample (naive),0.002132968755448038,0.001674924210060159,0,0.005478476994014095,0.024640657084188913,0.08656298199193288,200
High,High,FPR,Full-coverage study (reweighted),0.027277499859803624,0.010877043413280128,0.010318295737923134,0.0511779624523478,0.024640657084188913,1.1070118693103637,200
High,High,FPR,"Random pair (""reweighted"")",0.026115309688167283,0.017645748352779496,9.518385942076151e-4,0.060338967847015104,0.024640657084188913,1.0598463181781221,200
High,High,FPR,Random pair (naive),0.028574623271182372,0.018064877217571437,0.0012373096446700513,0.0674334639983495,0.024640657084188913,1.1596534610888178,200
High,Low,FNR,"Convenience sample (""reweighted"")",0.0030355619131866556,0.0024539969345272004,0,0.008772980702092049,0.038895463510848126,0.07804411206823704,200
High,Low,FNR,Convenience sample (naive),0.002692768909167562,0.002167175843926826,0,0.007207838160295706,0.038895463510848126,0.06923092479452099,200
High,Low,FNR,Full-coverage study (reweighted),0.03782900742707439,0.012548413576210017,0.017739540804270103,0.06944652864074395,0.038895463510848126,0.9725814789820849,200
High,Low,FNR,"Random pair (""reweighted"")",0.03768144612070201,0.024103881296596297,0.0029889416953996217,0.09203567420438477,0.038895463510848126,0.968787686774641,200
High,Low,FNR,Random pair (naive),0.04217569686685082,0.025775815630518225,0.0026719713775095093,0.09181207992010441,0.038895463510848126,1.0843345999743086,200
High,Low,FPR,"Convenience sample (""reweighted"")",0.0017026876879948163,0.0017245826923293105,0,0.005878173455210378,0.01764705882352941,0.0964856356530396,200
High,Low,FPR,Convenience sample (naive),0.0014964020666200556,0.0015059848771103424,0,0.005215635815067885,0.01764705882352941,0.08479611710846982,200
High,Low,FPR,Full-coverage study (reweighted),0.02177119699115901,0.00877455871710928,0.007600842800129916,0.040947444204118014,0.01764705882352941,1.2337011628323438,200
High,Low,FPR,"Random pair (""reweighted"")",0.02299900446096404,0.01574153714861585,0.001537899133859419,0.05742539326766282,0.01764705882352941,1.303276919454629,200
High,Low,FPR,Random pair (naive),0.025801292740523177,0.017006015931822934,0.0013670340105364264,0.061432047477744826,0.01764705882352941,1.4620732552963134,200
High,Medium,FNR,"Convenience sample (""reweighted"")",0.0029216192929508874,0.0022704389030631777,0,0.008511153980126756,0.04560669456066946,0.06406119367112496,200
High,Medium,FNR,Convenience sample (naive),0.0025812150703413347,0.0020180157728834493,0,0.007644290759030151,0.04560669456066946,0.05659728456986963,200
High,Medium,FNR,Full-coverage study (reweighted),0.03764151482994419,0.012676857502683346,0.013966774985311068,0.06824725917032741,0.04560669456066946,0.8253506462712533,200
High,Medium,FNR,"Random pair (""reweighted"")",0.038066103956586606,0.024085840277962307,0.001867804646752015,0.08565677303812899,0.04560669456066946,0.8346604445526787,200
High,Medium,FNR,Random pair (naive),0.04249984259235862,0.027000334088057326,0.001390063674983206,0.09546194442831989,0.04560669456066946,0.9318772825296983,200
High,Medium,FPR,"Convenience sample (""reweighted"")",0.0016891612027227537,0.0015628681635322548,0,0.005073755073755074,0.028505747126436783,0.05925686477293531,200
High,Medium,FPR,Convenience sample (naive),0.0015057934459976002,0.001387662663373739,0,0.004254666632942131,0.028505747126436783,0.0528242055652384,200
High,Medium,FPR,Full-coverage study (reweighted),0.023530996365830222,0.009053326457711838,0.00880668858918859,0.040864943759300165,0.028505747126436783,0.8254825338013021,200
High,Medium,FPR,"Random pair (""reweighted"")",0.023350591211534488,0.015779991746433335,0.001060551124002901,0.0540450237216279,0.028505747126436783,0.8191538045981857,200
High,Medium,FPR,Random pair (naive),0.025879227511546726,0.017214423559154934,0.0011846901579586882,0.059511564716018296,0.028505747126436783,0.907859997380873,200
Low,High,FNR,"Convenience sample (""reweighted"")",0.00938555149688639,0.004068530237338969,0.0024719929216576457,0.017982303777234657,0.02731060606060606,0.34365958324244206,200
Low,High,FNR,Convenience sample (naive),0.008839469109143933,0.003772590981551033,0.0025804790966081287,0.01704195184699772,0.02731060606060606,0.323664333538696,200
Low,High,FNR,Full-coverage study (reweighted),0.023690466048240304,0.008694034568199793,0.010486914120273349,0.04335328700973513,0.02731060606060606,0.8674456361630292,200
Low,High,FNR,"Random pair (""reweighted"")",0.022590720734674562,0.010442207948684496,0.006625979409734866,0.04111650661845499,0.02731060606060606,0.8271775692030631,200
Low,High,FNR,Random pair (naive),0.023573780051751578,0.009949441786193596,0.0071810551558753,0.041975318741464214,0.02731060606060606,0.8631730837257167,200
Low,High,FPR,"Convenience sample (""reweighted"")",0.005348334018946844,0.0029213218434082804,0,0.011708956615858307,0.014957627118644068,0.3575656737879476,200
Low,High,FPR,Convenience sample (naive),0.005027029686021394,0.002715536590378368,0,0.010687760376691677,0.014957627118644068,0.3360847042212603,200
Low,High,FPR,Full-coverage study (reweighted),0.013150003488063531,0.005901294248143952,0.003470691403211964,0.02651389710946335,0.014957627118644068,0.8791503748393749,200
Low,High,FPR,"Random pair (""reweighted"")",0.012868848911209887,0.006415463117057299,0.0037703287989477928,0.02759508484587383,0.014957627118644068,0.860353638256525,200
Low,High,FPR,Random pair (naive),0.013569919066872535,0.0062631305745383045,0.004193228326925462,0.028180197989378434,0.014957627118644068,0.9072240509297219,200
Low,Low,FNR,"Convenience sample (""reweighted"")",0.006220460775752722,0.0031765687320979164,9.855121293800542e-4,0.013147215227985684,0.014077079107505072,0.44188575827753485,200
Low,Low,FNR,Convenience sample (naive),0.005831926666953514,0.0029315669973796112,0.0012516046213093715,0.012605927202341612,0.014077079107505072,0.4142852805198966,200
Low,Low,FNR,Full-coverage study (reweighted),0.0165393606784976,0.005756971419797264,0.006387792095903257,0.0283806574052305,0.014077079107505072,1.174914238400478,200
Low,Low,FNR,"Random pair (""reweighted"")",0.015938397070562046,0.008458991761129608,0.003919319999062915,0.03446348114244185,0.014077079107505072,1.1322233077503008,200
Low,Low,FNR,Random pair (naive),0.0165098039217987,0.008070802502751702,0.0038509677100819592,0.03347397209041397,0.014077079107505072,1.1728146013612044,200
Low,Low,FPR,"Convenience sample (""reweighted"")",0.0037208540157642137,0.0022563906027046354,0,0.00849400937253387,0.009309664694280078,0.39967648008314755,200
Low,Low,FPR,Convenience sample (naive),0.0034757160665987914,0.0021308058979170657,0,0.008054505327520398,0.009309664694280078,0.3733449249503363,200
Low,Low,FPR,Full-coverage study (reweighted),0.008979711305540523,0.003915157874477763,0.0023894443367577694,0.016700149094559767,0.009309664694280078,0.9645579728620859,200
Low,Low,FPR,"Random pair (""reweighted"")",0.0087900926379294,0.005122194009604371,0.001399886877828054,0.021263724760221963,0.009309664694280078,0.9441900354725012,200
Low,Low,FPR,Random pair (naive),0.008946692304593665,0.00482641991017891,0.0013599530721379461,0.01872173442620399,0.009309664694280078,0.961011228480718,200
Low,Medium,FNR,"Convenience sample (""reweighted"")",0.007058861361552291,0.0030629313677553918,0.0015223443223443222,0.013345912735254747,0.018821138211382114,0.3750496533351757,200
Low,Medium,FNR,Convenience sample (naive),0.006615966959181288,0.002885933728009725,0.0013455365927529557,0.012578167237340064,0.018821138211382114,0.35151789891114404,200
Low,Medium,FNR,Full-coverage study (reweighted),0.01738408221685871,0.006523619483827651,0.007133422193889042,0.031172886409978166,0.018821138211382114,0.9236467009389293,200
Low,Medium,FNR,"Random pair (""reweighted"")",0.017018563641683294,0.008276243968181104,0.0042700053705692805,0.03521933519364367,0.018821138211382114,0.9042260595797171,200
Low,Medium,FNR,Random pair (naive),0.017594254480802415,0.008181364090053517,0.004205124017752503,0.03581106230237992,0.018821138211382114,0.9348135210102363,200
Low,Medium,FPR,"Convenience sample (""reweighted"")",0.00392333417558351,0.002148467681994083,0.0010191637630662027,0.008283551504622729,0.009015748031496063,0.43516457668044173,200
Low,Medium,FPR,Convenience sample (naive),0.0036942508911883875,0.0020121822908250203,0.0012081784386617108,0.008045350871768383,0.009015748031496063,0.4097553390226421,200
Low,Medium,FPR,Full-coverage study (reweighted),0.010137883634709586,0.004903627103663755,0.0014044028109707525,0.020317521720479664,0.009015748031496063,1.1244639490027226,200
Low,Medium,FPR,"Random pair (""reweighted"")",0.009711846528053326,0.005370983607395943,0.002152425876010782,0.02279878959586907,0.009015748031496063,1.077209178220762,200
Low,Medium,FPR,Random pair (naive),0.009917914059854139,0.005011825608507982,0.0025895199673034584,0.021834290357803213,0.009015748031496063,1.1000655769445202,200
Medium,High,FNR,"Convenience sample (""reweighted"")",0.005557790628841554,0.002785991513857382,0.0011704108092496438,0.010266413911321976,0.026504065040650407,0.20969578139494208,200
Medium,High,FNR,Convenience sample (naive),0.005037172186520701,0.002449140551357875,0.0013130966907130789,0.00931038232274257,0.026504065040650407,0.19005281562639456,200
Medium,High,FNR,Full-coverage study (reweighted),0.031530154350723996,0.011093362347127734,0.012096908378710098,0.056198473290939084,0.026504065040650407,1.1896346580181139,200
Medium,High,FNR,"Random pair (""reweighted"")",0.031039896697219217,0.01924635455172333,0.0039039203864833453,0.07094214119451005,0.026504065040650407,1.171137206674222,200
Medium,High,FNR,Random pair (naive),0.033280516386787695,0.020097695190335167,0.00400248320718156,0.0749927395393517,0.026504065040650407,1.2556759250229712,200
Medium,High,FPR,"Convenience sample (""reweighted"")",0.0031859931117704183,0.002473513894136839,0,0.008985056203354448,0.01610236220472441,0.19785874092657366,200
Medium,High,FPR,Convenience sample (naive),0.0028715051510525146,0.002243151941496322,0,0.008323452670751843,0.01610236220472441,0.17832819275485054,200
Medium,High,FPR,Full-coverage study (reweighted),0.01871613136877307,0.007332580931149256,0.006448806531755036,0.03339399708775291,0.01610236220472441,1.1623220947844402,200
Medium,High,FPR,"Random pair (""reweighted"")",0.018268636899110503,0.011405958944348602,0.0015179292832134198,0.040923919072076466,0.01610236220472441,1.134531484688036,200
Medium,High,FPR,Random pair (naive),0.019903400970353088,0.011776350726304584,0.0013218575718575718,0.04219931209558589,0.01610236220472441,1.2360547301881868,200
Medium,Low,FNR,"Convenience sample (""reweighted"")",0.0036478898587121045,0.002281969742983104,0,0.008629427735292834,0.025697896749521987,0.14195285685315706,200
Medium,Low,FNR,Convenience sample (naive),0.0033380474789549554,0.0020743042269147803,0,0.008034028003907522,0.025697896749521987,0.12989574639088108,200
Medium,Low,FNR,Full-coverage study (reweighted),0.02467329446153784,0.008715942183917741,0.010193895338141908,0.04422294987782833,0.025697896749521987,0.9601289437041883,200
Medium,Low,FNR,"Random pair (""reweighted"")",0.023756633763518047,0.014790620988602999,0.0027298578614368086,0.05783515649330426,0.025697896749521987,0.9244582930297573,200
Medium,Low,FNR,Random pair (naive),0.025368199444316744,0.014521065629729,0.0025611995104039167,0.05423570484997171,0.025697896749521987,0.9871702611144091,200
Medium,Low,FPR,"Convenience sample (""reweighted"")",0.002138723499652856,0.0018626235362492584,0,0.006264716957048054,0.014675052410901468,0.14573872990491604,200
Medium,Low,FPR,Convenience sample (naive),0.0019219094777122951,0.0017017854160850181,0,0.00554101797742785,0.014675052410901468,0.13096440298125211,200
Medium,Low,FPR,Full-coverage study (reweighted),0.013736133629410483,0.006831202234748115,0.004037906327597601,0.028562212881370334,0.014675052410901468,0.9360193916041143,200
Medium,Low,FPR,"Random pair (""reweighted"")",0.014004524760637961,0.00979269039312849,0,0.035814712803722,0.014675052410901468,0.9543083301177582,200
Medium,Low,FPR,Random pair (naive),0.014738981321776387,0.009557708762420925,0,0.03669845168436515,0.014675052410901468,1.004356298641048,200
Medium,Medium,FNR,"Convenience sample (""reweighted"")",0.003973264756002178,0.002512465657920369,0,0.009293416771506665,0.02447013487475915,0.1623720006586717,200
Medium,Medium,FNR,Convenience sample (naive),0.0035881806946335294,0.0022279304289659465,0,0.00829724932448475,0.02447013487475915,0.14663510082793715,200
Medium,Medium,FNR,Full-coverage study (reweighted),0.02497025642791301,0.0089720324056307,0.010140717899447564,0.04602400535205291,0.02447013487475915,1.0204380382745553,200
Medium,Medium,FNR,"Random pair (""reweighted"")",0.024796661814377764,0.013671757555266216,0.0028962562216825758,0.053386734882696504,0.02447013487475915,1.013343896193863,200
Medium,Medium,FNR,Random pair (naive),0.027240193400237908,0.014232366658900347,0.0027548209366391185,0.055774456521739145,0.02447013487475915,1.113201604308935,200
Medium,Medium,FPR,"Convenience sample (""reweighted"")",0.0020084647435113586,0.0018624050190252524,0,0.006726823778753927,0.013471933471933472,0.14908511444891412,200
Medium,Medium,FPR,Convenience sample (naive),0.0018394099248377712,0.0017125677030921198,0,0.005444809255784872,0.013471933471933472,0.13653644658132222,200
Medium,Medium,FPR,Full-coverage study (reweighted),0.014344615557005697,0.0058274404752539566,0.005212637325041209,0.026896196871143446,0.013471933471933472,1.0647777905740339,200
Medium,Medium,FPR,"Random pair (""reweighted"")",0.0149310008815046,0.00921699550983455,9.642857142857148e-4,0.03377278536501197,0.013471933471933472,1.1083042320993384,200
Medium,Medium,FPR,Random pair (naive),0.016139878553631484,0.009546479327858412,0.0012326169405815432,0.036467835315055354,0.013471933471933472,1.1980372815272753,200
